{"cameraMode":{"drawMode":0,"name":"Shaded","section":"Shading Mode"},"sceneLighting":true,"audioPlay":false,"sceneViewState":{"m_AlwaysRefresh":false,"showFog":true,"showSkybox":true,"showFlares":true,"showImageEffects":true,"showParticleSystems":true,"showVisualEffectGraphs":true,"m_FxEnabled":true},"in2DMode":false,"pivot":{"x":14.669239044189454,"y":43.29475021362305,"z":-3.9965522289276125},"rotation":{"x":-0.22168676555156709,"y":-0.7465835809707642,"z":0.30063000321388247,"w":-0.5505369305610657},"size":1.2339744567871094,"orthographic":false}